{
    "$schema": "https://schema.management.azure.com/schemas/2015-01-01/deploymentParameters.json#",
    "contentVersion": "1.0.0.0",
    "parameters": {
        "customApis_hr2day_name": {
            "value": null
        },
        "connections_hr2day_name": {
            "value": null
        },
        "connections_muhimbi_name": {
            "value": null
        },
        "connections_azureblob_name": {
            "value": null
        },
        "connections_office365_name": {
            "value": null
        },
        "connections_servicebus_name": {
            "value": null
        },
        "connections_azureeventgrid_name": {
            "value": null
        },
        "serverfarms_WestEuropePlan_name": {
            "value": null
        },
        "connections_sharepointonline_name": {
            "value": null
        },
        "storageAccounts_integrationplatform_name": {
            "value": null
        },
        "sites_azure_integration_platform_building_serverless_applications_name": {
            "value": null
        },
        "service_integration_platform_serverless_applications_001_name": {
            "value": null
        },
        "namespaces_azure_integration_platform_serverless_applications_name": {
            "value": null
        },
        "workflows_azure_integration_platform_building_serverless_applications_name": {
            "value": null
        },
        "systemTopics_integrationplatform_fa480b24_523e_4e18_8f8e_0e194afeae5f_name": {
            "value": null
        },
        "components_azure_integration_platform_building_serverless_applications_name": {
            "value": null
        },
        "workspaces_azure_integration_platform_building_serverless_applications_name": {
            "value": null
        },
        "solutions_LogicAppsManagement_azure_integration_platform_building_serverless_applications__name": {
            "value": null
        },
        "smartdetectoralertrules_failure_anomalies___azure_integration_platform_building_serverless_applications_name": {
            "value": null
        },
        "actiongroups_application_insights_smart_detection_externalid": {
            "value": null
        }
    }
}